Regulator,Target,Regulatory Mechanism,Regulatory Type,Target Type,Regulator EnsembleID
DANCR,NPTN-IT1,histone modification,regulation,lncRNA,ENSG00000226950
HNF1A-AS1,H19,NA,association,lncRNA,ENSG00000241388
UCA1,HULC,DNA methylation,regulation,lncRNA,ENSG00000214049
CRNDE,miR-136,sponge,binding/interaction,miRNA,ENSG00000245694
CRNDE,miR-451a,sponge,binding/interaction,miRNA,ENSG00000245694
CRNDE,miR-384,NA,regulation,miRNA,ENSG00000245694
DANCR,miR-216a,sponge,binding/interaction,miRNA,ENSG00000226950
DANCR,miR-758-3p,NA,regulation,miRNA,ENSG00000226950
DGCR5,miR-195,sponge,binding/interaction,miRNA,ENSG00000237517
FTX,miR-374a,sponge,binding/interaction,miRNA,ENSG00000230590
GAS5,miR-301a,sponge,binding/interaction,miRNA,ENSG00000234741
GAS5,miR-196a-5p,sponge,binding/interaction,miRNA,ENSG00000234741
GAS5,miR-26a,sponge,binding/interaction,miRNA,ENSG00000234741
GAS5,miR-21,sponge,binding/interaction,miRNA,ENSG00000234741
GAS5,miR-23a,sponge,binding/interaction,miRNA,ENSG00000234741
GAS5,miR-222,sponge,binding/interaction,miRNA,ENSG00000234741
GAS5,miR-135b,sponge,binding/interaction,miRNA,ENSG00000234741
GAS5,miR-23a,sponge,binding/interaction,miRNA,ENSG00000234741
GAS5,miR-18a-5p,sponge,binding/interaction,miRNA,ENSG00000234741
GAS5,miR-222,sponge,binding/interaction,miRNA,ENSG00000234741
GAS5,miR-21-5p,NA,regulation,miRNA,ENSG00000234741
H19,miR-143,NA,association,miRNA,ENSG00000130600
H19,let-7b,sponge,binding/interaction,miRNA,ENSG00000130600
H19,miR-152,sponge,binding/interaction,miRNA,ENSG00000130600
H19,miR-21,sponge,binding/interaction,miRNA,ENSG00000130600
H19,let-7a,NA,association,miRNA,ENSG00000130600
H19,miR-194-5p,sponge,binding/interaction,miRNA,ENSG00000130600
H19,miR-130b,sponge,binding/interaction,miRNA,ENSG00000130600
H19,miR-484,sponge,binding/interaction,miRNA,ENSG00000130600
H19,miR-675,NA,association,miRNA,ENSG00000130600
H19,miR-675,host,regulation,miRNA,ENSG00000130600
H19,miR-200,histone modification,regulation,miRNA,ENSG00000130600
H19,miR-107,NA,regulation,miRNA,ENSG00000130600
H19,miR-675-5p,host,regulation,miRNA,ENSG00000130600
H19,miR-675,NA,regulation,miRNA,ENSG00000130600
H19,let-7,NA,regulation,miRNA,ENSG00000130600
H19,let-7,NA,regulation,miRNA,ENSG00000130600
HNF1A-AS1,miR-17-5p,sponge,binding/interaction,miRNA,ENSG00000241388
KCNQ1OT1,miR-214-3p,NA,regulation,miRNA,ENSG00000269821
LINC00312,miR-197-3p,NA,association,miRNA,NA
LINC00312,miR-197-3p,sponge,binding/interaction,miRNA,NA
LINC00313,miR-4429,sponge,binding/interaction,miRNA,ENSG00000185186
LINC00673,miR-150-5p,sponge,binding/interaction,miRNA,ENSG00000227036
MALAT1,miR-142-3p,sponge,binding/interaction,miRNA,ENSG00000251562
MALAT1,miR-145,NA,association,miRNA,ENSG00000251562
MALAT1,miR-101,sponge,binding/interaction,miRNA,ENSG00000251562
MALAT1,miR-129-5p,sponge,binding/interaction,miRNA,ENSG00000251562
MALAT1,miR-200c,sponge,binding/interaction,miRNA,ENSG00000251562
MALAT1,miR-199b,sponge,binding/interaction,miRNA,ENSG00000251562
MALAT1,miR-146a,NA,association,miRNA,ENSG00000251562
MALAT1,miR-127-5p,sponge,binding/interaction,miRNA,ENSG00000251562
MALAT1,miR-200c,sponge,binding/interaction,miRNA,ENSG00000251562
MALAT1,miR-140,NA,association,miRNA,ENSG00000251562
MALAT1,miR-145,sponge,binding/interaction,miRNA,ENSG00000251562
MALAT1,miR-205,sponge,binding/interaction,miRNA,ENSG00000251562
MALAT1,miR-448,NA,association,miRNA,ENSG00000251562
MALAT1,miR-155,NA,association,miRNA,ENSG00000251562
MALAT1,miR-200c,sponge,binding/interaction,miRNA,ENSG00000251562
MALAT1,miR-375,sponge,binding/interaction,miRNA,ENSG00000251562
MALAT1,miR-122,NA,regulation,miRNA,ENSG00000251562
MALAT1,miR-29a,histone modification,regulation,miRNA,ENSG00000251562
MALAT1,miR-29b,histone modification,regulation,miRNA,ENSG00000251562
MEG3,miR-21,epigenetic regulation;sponge,binding/interaction,miRNA,ENSG00000214548
MEG3,miR-494,sponge,binding/interaction,miRNA,ENSG00000214548
MEG3,miR-96,NA,association,miRNA,ENSG00000214548
MEG3,miR-125a-5p,sponge,binding/interaction,miRNA,ENSG00000214548
MEG3,miR-182,sponge,binding/interaction,miRNA,ENSG00000214548
MEG3,miR-93,sponge,binding/interaction,miRNA,ENSG00000214548
MEG3,miR-147,sponge,binding/interaction,miRNA,ENSG00000214548
MEG3,miR-184,sponge,binding/interaction,miRNA,ENSG00000214548
MEG3,miR-223,sponge,binding/interaction,miRNA,ENSG00000214548
MEG3,miR-770-5p,NA,association,miRNA,ENSG00000214548
MEG3,miR-21,NA,regulation,miRNA,ENSG00000214548
MEG3,miR-21-5p,NA,association,miRNA,ENSG00000214548
MEG3,miR-214,sponge,binding/interaction,miRNA,ENSG00000214548
MEG3,miR-200b,histone modification,regulation,miRNA,ENSG00000214548
MEG3,miR-200a,histone modification,regulation,miRNA,ENSG00000214548
MEG3,miR-429,histone modification,regulation,miRNA,ENSG00000214548
MEG3,miR-200c,histone modification,regulation,miRNA,ENSG00000214548
MEG3,miR-141,histone modification,regulation,miRNA,ENSG00000214548
MEG3,miR-21-5p,sponge,binding/interaction,miRNA,ENSG00000214548
MIAT,miR-133a,sponge,binding/interaction,miRNA,ENSG00000225783
MIAT,miR-330-5p,sponge,binding/interaction,miRNA,ENSG00000225783
MIAT,miR-150,sponge,binding/interaction,miRNA,ENSG00000225783
MIAT,miR-29b,sponge,binding/interaction,miRNA,ENSG00000225783
MIAT,miR-214,sponge,binding/interaction,miRNA,ENSG00000225783
MIR100HG,miR-100,host,regulation,miRNA,ENSG00000255248
MIR100HG,miR-125b,host,regulation,miRNA,ENSG00000255248
MIR100HG,miR-125b-1,host,association,miRNA,ENSG00000255248
MIR210HG,miR-503,sponge,binding/interaction,miRNA,ENSG00000247095
NEAT1,miR-342-3p,transcriptional regulation,regulation,miRNA,ENSG00000245532
NEAT1,miR-204,sponge,binding/interaction,miRNA,ENSG00000245532
NEAT1,miR-506,sponge,binding/interaction,miRNA,ENSG00000245532
NEAT1,miR-101,sponge,binding/interaction,miRNA,ENSG00000245532
NEAT1,miR-613,sponge,binding/interaction,miRNA,ENSG00000245532
NEAT1,miR-128,sponge,binding/interaction,miRNA,ENSG00000245532
NEAT1,miR-335-5p,NA,association,miRNA,ENSG00000245532
NEAT1,miR-194,sponge,binding/interaction,miRNA,ENSG00000245532
NEAT1,miR-214,NA,association,miRNA,ENSG00000245532
NEAT1,miR-129-5p,DNA methylation,regulation,miRNA,ENSG00000245532
NEAT1,miR-506-3p,sponge,binding/interaction,miRNA,ENSG00000245532
OIP5-AS1,miR-378a-3p,sponge,binding/interaction,miRNA,ENSG00000247556
PVT1,miR-133a,sponge,binding/interaction,miRNA,ENSG00000249859
PVT1,miR-26b,sponge,binding/interaction,miRNA,ENSG00000249859
PVT1,miR-519d-3p,sponge,binding/interaction,miRNA,ENSG00000249859
PVT1,miR-200c,histone modification,regulation,miRNA,ENSG00000249859
PVT1,miR-497,sponge,binding/interaction,miRNA,ENSG00000249859
PVT1,miR-214,histone modification,regulation,miRNA,ENSG00000249859
PVT1,miR-424,sponge,binding/interaction,miRNA,ENSG00000249859
PVT1,miR-195,histone modification;sponge,regulation,miRNA,ENSG00000249859
PVT1,miR-488-3p,sponge,binding/interaction,miRNA,ENSG00000249859
PVT1,miR-26b,sponge,binding/interaction,miRNA,ENSG00000249859
PVT1,miR-190a-5p,sponge,binding/interaction,miRNA,ENSG00000249859
PVT1,miR-488-3p,sponge,binding/interaction,miRNA,ENSG00000249859
PVT1,miR-146a,DNA methylation,regulation,miRNA,ENSG00000249859
PVT1,miR-195,sponge,binding/interaction,miRNA,ENSG00000249859
PVT1,miR-200b,histone modification,regulation,miRNA,ENSG00000249859
PVT1,miR-214,histone modification,regulation,miRNA,ENSG00000249859
SNHG1,miR-448,transcriptional regulation,binding/interaction,miRNA,ENSG00000255717
SNHG1,miR-137,NA,regulation,miRNA,ENSG00000255717
SNHG1,miR-195,sponge,binding/interaction,miRNA,ENSG00000255717
SNHG12,miR-138,sponge,binding/interaction,miRNA,ENSG00000197989
SNHG12,miR-320,sponge,binding/interaction,miRNA,ENSG00000197989
SNHG12,miR-424-5p,sponge,binding/interaction,miRNA,ENSG00000197989
SNHG15,miR-211-3p,sponge,binding/interaction,miRNA,ENSG00000232956
SNHG15,miR-141,sponge,binding/interaction,miRNA,ENSG00000232956
SNHG16,miR-124-3p,epigenetic regulation;sponge,binding/interaction,miRNA,ENSG00000163597
SNHG7,miR-5059,sponge,binding/interaction,miRNA,ENSG00000233016
UCA1,miR-143,NA,regulation,miRNA,ENSG00000214049
UCA1,miR-185-5p,sponge,binding/interaction,miRNA,ENSG00000214049
UCA1,miR-26a,sponge,binding/interaction,miRNA,ENSG00000214049
UCA1,miR-122,sponge,binding/interaction,miRNA,ENSG00000214049
UCA1,miR-135a,sponge,binding/interaction,miRNA,ENSG00000214049
UCA1,miR-18a,sponge,binding/interaction,miRNA,ENSG00000214049
UCA1,miR-144,sponge,binding/interaction,miRNA,ENSG00000214049
UCA1,miR-204-5p,NA,association,miRNA,ENSG00000214049
UCA1,miR-143,sponge,binding/interaction,miRNA,ENSG00000214049
UCA1,miR-495,sponge,binding/interaction,miRNA,ENSG00000214049
UCA1,miR-196a-5p,NA,regulation,miRNA,ENSG00000214049
UCA1,miR-27b-3p,NA,association,miRNA,ENSG00000214049
UCA1,miR-143,NA,regulation,miRNA,ENSG00000214049
XIST,miR-214-3p,sponge,binding/interaction,miRNA,ENSG00000229807
XIST,miR-155-5p,sponge,binding/interaction,miRNA,ENSG00000229807
XIST,miR-29c,sponge,binding/interaction,miRNA,ENSG00000229807
XIST,miR-29c,sponge,binding/interaction,miRNA,ENSG00000229807
XIST,miR-152,sponge,binding/interaction,miRNA,ENSG00000229807
XIST,miR-186-5p,sponge,binding/interaction,miRNA,ENSG00000229807
ZEB1-AS1,miR-335-5p,sponge,binding/interaction,miRNA,ENSG00000237036
ZEB1-AS1,miR-200s,sponge,binding/interaction,miRNA,ENSG00000237036
BDNF-AS,CASP3,NA,association,PCG,ENSG00000245573
BDNF-AS,BDNF,NA,association,PCG,ENSG00000245573
BDNF-AS,CDC42,NA,association,PCG,ENSG00000245573
BDNF-AS,CCNE1,NA,association,PCG,ENSG00000245573
BDNF-AS,BDNF,NA,association,PCG,ENSG00000245573
BOK-AS1,CCN4,NA,regulation,PCG,ENSG00000234235
BOK-AS1,BOK,NA,association,PCG,ENSG00000234235
CRNDE,CDKN1A,epigenetic regulation,regulation,PCG,ENSG00000245694
CRNDE,NOTCH1,NA,association,PCG,ENSG00000245694
CRNDE,IRS1,ceRNA(miR-384),regulation,PCG,ENSG00000245694
CRNDE,DUSP5,histone modification,regulation,PCG,ENSG00000245694
CRNDE,CDKN1A,histone modification,regulation,PCG,ENSG00000245694
CRNDE,CTNNB1,NA,regulation,PCG,ENSG00000245694
CRNDE,CCND1,NA,regulation,PCG,ENSG00000245694
CRNDE,CTNNB1,ceRNA(miR-181a-5p),regulation,PCG,ENSG00000245694
CRNDE,HNRNPUL2,interact with protein,binding/interaction,PCG,ENSG00000245694
CRNDE,PIWIL4,ceRNA(miR-384),regulation,PCG,ENSG00000245694
CRNDE,CASP3,NA,association,PCG,ENSG00000245694
CRNDE,PCNA,NA,association,PCG,ENSG00000245694
CRNDE,XIAP,ceRNA(miR-186),regulation,PCG,ENSG00000245694
CRNDE,PAK5,ceRNA(miR-186),regulation,PCG,ENSG00000245694
CRNDE,MTOR,NA,association,PCG,ENSG00000245694
CRNDE,EZH2,interact with protein,binding/interaction,PCG,ENSG00000245694
CRNDE,EZH2,interact with protein,binding/interaction,PCG,ENSG00000245694
DANCR,MMP9,ceRNA(miR-34c;miR-613),regulation,PCG,ENSG00000226950
DANCR,ROCK1,ceRNA(miR-335-5p),regulation,PCG,ENSG00000226950
DANCR,RAB1A,ceRNA(miR-634),regulation,PCG,ENSG00000226950
DANCR,AXL,ceRNA(miR-33a-5p),regulation,PCG,ENSG00000226950
DANCR,CDKN1A,NA,regulation,PCG,ENSG00000226950
DANCR,SPHK2,ceRNA(miR-577),regulation,PCG,ENSG00000226950
DANCR,TIMP2,histone modification,regulation,PCG,ENSG00000226950
DANCR,TIMP3,histone modification,regulation,PCG,ENSG00000226950
DANCR,IL6,NA,association,PCG,ENSG00000226950
DANCR,TNF,NA,association,PCG,ENSG00000226950
DANCR,CTNNB1,RNA stability,binding/interaction,PCG,ENSG00000226950
DANCR,IGF2,NA,association,PCG,ENSG00000226950
DANCR,EZH2,interact with protein,binding/interaction,PCG,ENSG00000226950
DANCR,HDAC3,interact with protein,binding/interaction,PCG,ENSG00000226950
DGCR5,CTNNB1,NA,regulation,PCG,ENSG00000237517
DGCR5,CCND1,NA,regulation,PCG,ENSG00000237517
DGCR5,GSK3B,NA,regulation,PCG,ENSG00000237517
DGCR5,CDKN1A,epigenetic regulation,regulation,PCG,ENSG00000237517
DGCR5,EGFR,interact with protein,binding/interaction,PCG,ENSG00000237517
DLEU1,KPNA3,epigenetic regulation,regulation,PCG,ENSG00000176124
DLEU1,CDK1,ceRNA(miR-490-3p),regulation,PCG,ENSG00000176124
DLX6-AS1,GADD45A,ceRNA(miR-376c),regulation,PCG,ENSG00000231764
DLX6-AS1,MMP2,ceRNA(miR-203a),regulation,PCG,ENSG00000231764
DLX6-AS1,PTEN,ceRNA(miR-26a),regulation,PCG,ENSG00000231764
FOXD2-AS1,AKT1,NA,association,PCG,ENSG00000237424
FOXD2-AS1,CCND1,ceRNA(miR-206),regulation,PCG,ENSG00000237424
FOXD2-AS1,S100A1,ceRNA(miR-363-5p),regulation,PCG,ENSG00000237424
FOXD2-AS1,ABCC3,ceRNA(miR-143),binding/interaction,PCG,ENSG00000237424
FTX,BCL2L2,ceRNA(miR-29b-1-5p),binding/interaction,PCG,ENSG00000230590
FTX,MTDH,ceRNA(miR-342-3p),regulation,PCG,ENSG00000230590
FTX,MCM2,interact with protein,binding/interaction,PCG,ENSG00000230590
FTX,DDX58,host(miR-545),regulation,PCG,ENSG00000230590
GAS5,PTEN,NA,regulation,PCG,ENSG00000234741
GAS5,AKT1,NA,regulation,PCG,ENSG00000234741
GAS5,PTEN,ceRNA(miR-21),regulation,PCG,ENSG00000234741
GAS5,ATG3,ceRNA(miR-23a),regulation,PCG,ENSG00000234741
GAS5,TIMP2,ceRNA(miR-203a),regulation,PCG,ENSG00000234741
GAS5,PTEN,ceRNA(miR-32-5p),regulation,PCG,ENSG00000234741
GAS5,DIRAS3,ceRNA(miR-221),regulation,PCG,ENSG00000234741
GAS5,PTEN,ceRNA(miR-21),regulation,PCG,ENSG00000234741
GAS5,CDKN1B,transcriptional regulation,regulation,PCG,ENSG00000234741
GAS5,PDCD4,ceRNA(miR-21),regulation,PCG,ENSG00000234741
GAS5,EZH2,transcriptional regulation,binding/interaction,PCG,ENSG00000234741
GAS5,MTOR,NA,association,PCG,ENSG00000234741
GAS5,SPRY2,ceRNA(miR-21),regulation,PCG,ENSG00000234741
GAS5,CDKN1B,ceRNA(miR-222),regulation,PCG,ENSG00000234741
GAS5,BRCA1,NA,association,PCG,ENSG00000234741
GAS5,PTEN,ceRNA(miR-21),regulation,PCG,ENSG00000234741
GAS5,MMP2,NA,association,PCG,ENSG00000234741
GAS5,CDK6,NA,regulation,PCG,ENSG00000234741
GAS5,CDKN1A,NA,regulation,PCG,ENSG00000234741
GAS5,ANXA2,interact with protein,binding/interaction,PCG,ENSG00000234741
GAS5,IL10,NA,regulation,PCG,ENSG00000234741
GAS5,VEGFA,NA,regulation,PCG,ENSG00000234741
GAS5,PTEN,ceRNA(miR-103a-3p),regulation,PCG,ENSG00000234741
GAS5,BAX,NA,regulation,PCG,ENSG00000234741
GAS5,BAK1,NA,regulation,PCG,ENSG00000234741
GAS5,CASP3,NA,regulation,PCG,ENSG00000234741
GAS5,CASP9,NA,regulation,PCG,ENSG00000234741
GAS5,PDCD4,ceRNA(miR-21),regulation,PCG,ENSG00000234741
GAS5,PTEN,ceRNA(miR-21),regulation,PCG,ENSG00000234741
GAS5,EGFR,NA,association,PCG,ENSG00000234741
GAS5,IGF1R,NA,association,PCG,ENSG00000234741
GAS5,CDK6,RNA stability,binding/interaction,PCG,ENSG00000234741
GAS5,CDK6,NA,regulation,PCG,ENSG00000234741
H19,EZH2,ceRNA(miR-138),regulation,PCG,ENSG00000130600
H19,NKD1,histone modification,regulation,PCG,ENSG00000130600
H19,ERBB2,ceRNA(let-7c),regulation,PCG,ENSG00000130600
H19,CDH1,NA,association,PCG,ENSG00000130600
H19,VIM,NA,association,PCG,ENSG00000130600
H19,CDH1,transcriptional regulation,regulation,PCG,ENSG00000130600
H19,DNMT3B,ceRNA(miR-29b-3p),regulation,PCG,ENSG00000130600
H19,CUL4A,NA,regulation,PCG,ENSG00000130600
H19,ABCB1,NA,association,PCG,ENSG00000130600
H19,DNMT1,ceRNA(miR-152),regulation,PCG,ENSG00000130600
H19,COL1A1,ceRNA(miR-196a),regulation,PCG,ENSG00000130600
H19,PI3K,NA,association,PCG,ENSG00000130600
H19,AKT1,NA,association,PCG,ENSG00000130600
H19,MTOR,NA,association,PCG,ENSG00000130600
H19,PTBP1,interact with protein,binding/interaction,PCG,ENSG00000130600
H19,BCR-ABL,NA,association,PCG,ENSG00000130600
H19,WNT1,ceRNA(miR-148b),regulation,PCG,ENSG00000130600
H19,IRS1,NA,regulation,PCG,ENSG00000130600
H19,DSG1,ceRNA(miR-130b-3p),regulation,PCG,ENSG00000130600
H19,GRN,ceRNA(miR-29b-3p),regulation,PCG,ENSG00000130600
H19,TGFBI,NA,association,PCG,ENSG00000130600
H19,ISM1,interact with protein,binding/interaction,PCG,ENSG00000130600
H19,CALN1,interact with protein,binding/interaction,PCG,ENSG00000130600
H19,EPCAM,transcriptional regulation,regulation,PCG,ENSG00000130600
H19,DNMT1,ceRNA(miR-148a-3p),regulation,PCG,ENSG00000130600
H19,IL6,ceRNA(let-7a;let-7b),regulation,PCG,ENSG00000130600
H19,RB1,NA,regulation,PCG,ENSG00000130600
H19,CDK8,NA,regulation,PCG,ENSG00000130600
H19,CTNNB1,ceRNA(miR-200a-3p),regulation,PCG,ENSG00000130600
H19,VASH2,ceRNA(miR-29a),regulation,PCG,ENSG00000130600
H19,CBL,host(miR-675-5p),regulation,PCG,ENSG00000130600
H19,CDH1,NA,association,PCG,ENSG00000130600
H19,VIM,NA,association,PCG,ENSG00000130600
H19,MMP9,NA,association,PCG,ENSG00000130600
H19,CYTH3,ceRNA(miR-200b;miR-200c),regulation,PCG,ENSG00000130600
H19,GIT2,ceRNA(let-7b),regulation,PCG,ENSG00000130600
H19,MACC1,NA,regulation,PCG,ENSG00000130600
H19,EGFR,NA,regulation,PCG,ENSG00000130600
H19,CTNNB1,NA,regulation,PCG,ENSG00000130600
H19,MAPK3,NA,regulation,PCG,ENSG00000130600
H19,MAPK1,NA,regulation,PCG,ENSG00000130600
H19,ABCB1,NA,association,PCG,ENSG00000130600
H19,ABCC1,NA,association,PCG,ENSG00000130600
H19,ABCG2,NA,association,PCG,ENSG00000130600
H19,YES1,ceRNA(miR-17-5p),regulation,PCG,ENSG00000130600
H19,EZH2,ceRNA(miR-630),regulation,PCG,ENSG00000130600
H19,CDH1,NA,regulation,PCG,ENSG00000130600
H19,CDH1,NA,regulation,PCG,ENSG00000130600
H19,FUT4,NA,regulation,PCG,ENSG00000130600
H19,PKM,NA,regulation,PCG,ENSG00000130600
H19,ABCB1,DNA methylation,regulation,PCG,ENSG00000130600
H19,FADD,ceRNA(miR-103a-3p;miR-107),regulation,PCG,ENSG00000130600
H19,PMAIP1,histone modification,regulation,PCG,ENSG00000130600
H19,NOTCH1,transcriptional regulation,binding/interaction,PCG,ENSG00000130600
H19,PPP1R13L,ceRNA(miR-140-5p),regulation,PCG,ENSG00000130600
H19,MTOR,NA,association,PCG,ENSG00000130600
H19,VEGFA,NA,association,PCG,ENSG00000130600
H19,EZH2,interact with protein,binding/interaction,PCG,ENSG00000130600
H19,VIM,ceRNA(miR-138;miR-200a),regulation,PCG,ENSG00000130600
H19,CDH1,NA,regulation,PCG,ENSG00000130600
H19,IGF2BP3,NA,regulation,PCG,ENSG00000130600
H19,IGF2BP3,NA,regulation,PCG,ENSG00000130600
H19,NQO1,NA,association,PCG,ENSG00000130600
H19,GSR,NA,association,PCG,ENSG00000130600
H19,G6PD,NA,association,PCG,ENSG00000130600
H19,GCLC,NA,association,PCG,ENSG00000130600
H19,GCLM,NA,association,PCG,ENSG00000130600
H19,GSTP1,NA,association,PCG,ENSG00000130600
H19,EZH2,interact with protein,binding/interaction,PCG,ENSG00000130600
H19,EZH2,interact with protein,binding/interaction,PCG,ENSG00000130600
HNF1A-AS1,NOTCH1,NA,association,PCG,ENSG00000241388
HNF1A-AS1,CDC34,ceRNA(miR-661),regulation,PCG,ENSG00000241388
HNF1A-AS1,PTPN6,interact with protein,binding/interaction,PCG,ENSG00000241388
HNF1A-AS1,CTNNB1,NA,regulation,PCG,ENSG00000241388
HNF1A-AS1,CCND1,NA,regulation,PCG,ENSG00000241388
HNF1A-AS1,SIRT1,ceRNA(miR-34a),regulation,PCG,ENSG00000241388
HNF1A-AS1,NKD1,histone modification,regulation,PCG,ENSG00000241388
HNF1A-AS1,CDKN1A,histone modification,regulation,PCG,ENSG00000241388
HNF1A-AS1,BCL2,ceRNA(miR-30b-5p),regulation,PCG,ENSG00000241388
HNF1A-AS1,ATG5,ceRNA(miR-30b-5p),regulation,PCG,ENSG00000241388
HNF1A-AS1,RRM1,NA,association,PCG,ENSG00000241388
HNF1A-AS1,CEACAM5,NA,association,PCG,ENSG00000241388
HNF1A-AS1,VEGFA,NA,association,PCG,ENSG00000241388
HNF1A-AS1,MMP9,NA,association,PCG,ENSG00000241388
HNF1A-AS1,EZH2,interact with protein,binding/interaction,PCG,ENSG00000241388
ITGB2-AS1,ITGB2,NA,regulation,PCG,ENSG00000227039
KCNQ1OT1,EZR,ceRNA(miR-211-5p),regulation,PCG,ENSG00000269821
KCNQ1OT1,CASP1,NA,regulation,PCG,ENSG00000269821
KCNQ1OT1,CCNE2,ceRNA(miR-145-5p),regulation,PCG,ENSG00000269821
KCNQ1OT1,CCNE2,ceRNA(miR-370),regulation,PCG,ENSG00000269821
LINC00174,TAZ,ceRNA(miR-1910-3p),regulation,PCG,ENSG00000179406
LINC00261,NOTCH1,NA,association,PCG,ENSG00000259974
LINC00261,CTNNB1,NA,regulation,PCG,ENSG00000259974
LINC00261,CASP3,NA,regulation,PCG,ENSG00000259974
LINC00261,CASP9,NA,regulation,PCG,ENSG00000259974
LINC00312,PI3K,NA,association,PCG,NA
LINC00312,AKT1,NA,association,PCG,NA
LINC00472,PDCD4,ceRNA(miR-93-5p),regulation,PCG,ENSG00000233237
LINC00472,DEDD,ceRNA(miR-24-3p),regulation,PCG,ENSG00000233237
LINC00473,MMP2,NA,association,PCG,ENSG00000112541
LINC00473,MMP9,NA,association,PCG,ENSG00000112541
LINC00473,CHUK,ceRNA(miR-195),regulation,PCG,ENSG00000112541
LINC00473,ILF2,interact with mRNA,binding/interaction,PCG,ENSG00000112541
LINC00473,USP9X,NA,association,PCG,ENSG00000112541
LINC00473,IL24,transcriptional regulation,binding/interaction,PCG,ENSG00000112541
LINC00473,STK11,NA,association,PCG,ENSG00000112541
LINC00473,NONO,interact with protein,binding/interaction,PCG,ENSG00000112541
LINC00511,CDKN1C,histone modification,regulation,PCG,ENSG00000227036
LINC00511,EZH2,interact with protein,binding/interaction,PCG,ENSG00000227036
LINC00515,ATG14,ceRNA(miR-140-5p),regulation,PCG,ENSG00000260583
LINC00673,NCALD,histone modification,regulation,PCG,ENSG00000227036
LINC00673,LATS2,histone modification,regulation,PCG,ENSG00000227036
LINC00673,MMP9,NA,regulation,PCG,ENSG00000227036
LINC00673,KDM1A,interact with protein,binding/interaction,PCG,ENSG00000227036
LINC00673,EZH2,interact with protein,binding/interaction,PCG,ENSG00000227036
LINC00673,KDM1A,interact with protein,binding/interaction,PCG,ENSG00000227036
LINC00673,EZH2,interact with protein,binding/interaction,PCG,ENSG00000227036
LINC00707,ELAVL1,interact with protein,binding/interaction,PCG,ENSG00000238266
LINC00707,CDC42,NA,regulation,PCG,ENSG00000238266
LINC00963,PGK1,interact with protein,binding/interaction,PCG,ENSG00000204054
MALAT1,SOCS1,ceRNA(miR-155),regulation,PCG,ENSG00000251562
MALAT1,CDKN1A,NA,regulation,PCG,ENSG00000251562
MALAT1,ACVR2B,ceRNA(miR-194-5p),regulation,PCG,ENSG00000251562
MALAT1,ELAVL1,ceRNA(miR-23c),regulation,PCG,ENSG00000251562
MALAT1,EGFR,ceRNA(miR-195),regulation,PCG,ENSG00000251562
MALAT1,FBXW8,ceRNA(miR-218),regulation,PCG,ENSG00000251562
MALAT1,FGF2,NA,regulation,PCG,ENSG00000251562
MALAT1,ATG12,ceRNA(miR-23b-3p),regulation,PCG,ENSG00000251562
MALAT1,BCL2,ceRNA(miR-125b),regulation,PCG,ENSG00000251562
MALAT1,MMP13,ceRNA(miR-125b),regulation,PCG,ENSG00000251562
MALAT1,CAPNS1,ceRNA(miR-124),regulation,PCG,ENSG00000251562
MALAT1,CKS1B,NA,association,PCG,ENSG00000251562
MALAT1,RAP1B,ceRNA(miR-101),regulation,PCG,ENSG00000251562
MALAT1,EZH2,interact with protein,binding/interaction,PCG,ENSG00000251562
MALAT1,MMP2,NA,association,PCG,ENSG00000251562
MALAT1,MMP9,NA,association,PCG,ENSG00000251562
MALAT1,MDM2,NA,regulation,PCG,ENSG00000251562
MALAT1,VIM,ceRNA(miR-30a-5p),regulation,PCG,ENSG00000251562
MALAT1,ATG7,NA,regulation,PCG,ENSG00000251562
MALAT1,CHUK,NA,regulation,PCG,ENSG00000251562
MALAT1,PARP1,NA,regulation,PCG,ENSG00000251562
MALAT1,BAX,NA,association,PCG,ENSG00000251562
MALAT1,CASP3,NA,association,PCG,ENSG00000251562
MALAT1,BCL2,NA,association,PCG,ENSG00000251562
MALAT1,PI3K,NA,association,PCG,ENSG00000251562
MALAT1,MTOR,NA,association,PCG,ENSG00000251562
MALAT1,GSK3B,NA,association,PCG,ENSG00000251562
MALAT1,CDH1,NA,association,PCG,ENSG00000251562
MALAT1,CTNNB1,NA,association,PCG,ENSG00000251562
MALAT1,VIM,NA,association,PCG,ENSG00000251562
MALAT1,PI3K,NA,association,PCG,ENSG00000251562
MALAT1,CDKN1A,NA,regulation,PCG,ENSG00000251562
MALAT1,FAS,NA,regulation,PCG,ENSG00000251562
MALAT1,VEGFA,ceRNA(miR-22-5p),regulation,PCG,ENSG00000251562
MALAT1,AKT1,NA,association,PCG,ENSG00000251562
MALAT1,CDK9,ceRNA(miR-206),regulation,PCG,ENSG00000251562
MALAT1,CDC6,NA,regulation,PCG,ENSG00000251562
MALAT1,CXCL5,NA,association,PCG,ENSG00000251562
MALAT1,AKAP12,ceRNA(miR-145-5p),regulation,PCG,ENSG00000251562
MALAT1,PTBP2,interact with protein,binding/interaction,PCG,ENSG00000251562
MALAT1,SUZ12,interact with protein,binding/interaction,PCG,ENSG00000251562
MALAT1,STMN1,ceRNA(miR-101),regulation,PCG,ENSG00000251562
MALAT1,RAB5A,ceRNA(miR-101),regulation,PCG,ENSG00000251562
MALAT1,ATG4D,ceRNA(miR-101),regulation,PCG,ENSG00000251562
MALAT1,PIK3R1,ceRNA(miR-503),regulation,PCG,ENSG00000251562
MALAT1,CDH1,histone modification,binding/interaction,PCG,ENSG00000251562
MALAT1,GRB2,ceRNA(miR-124),regulation,PCG,ENSG00000251562
MALAT1,EZH2,interact with protein,binding/interaction,PCG,ENSG00000251562
MALAT1,EZH2,interact with protein,binding/interaction,PCG,ENSG00000251562
MALAT1,BCL2,NA,association,PCG,ENSG00000251562
MALAT1,TRAF6,ceRNA(miR-146b-5p),regulation,PCG,ENSG00000251562
MALAT1,TYMS,ceRNA(miR-203),regulation,PCG,ENSG00000251562
MALAT1,CDH1,histone modification,regulation,PCG,ENSG00000251562
MALAT1,SRSF1,NA,regulation,PCG,ENSG00000251562
MALAT1,VIM,NA,association,PCG,ENSG00000251562
MALAT1,CDH1,NA,association,PCG,ENSG00000251562
MALAT1,MCL1,ceRNA(miR-363-3p),regulation,PCG,ENSG00000251562
MALAT1,MMP14,ceRNA(miR-22),regulation,PCG,ENSG00000251562
MALAT1,ITGB1,ceRNA(miR-183),regulation,PCG,ENSG00000251562
MALAT1,PPP1R13L,ceRNA(miR-506),regulation,PCG,ENSG00000251562
MALAT1,SIRT1,ceRNA(miR-204),regulation,PCG,ENSG00000251562
MALAT1,AXL,NA,regulation,PCG,ENSG00000251562
MALAT1,TGFA,ceRNA(miR-376a),regulation,PCG,ENSG00000251562
MALAT1,MMP13,NA,association,PCG,ENSG00000251562
MALAT1,MMP19,NA,association,PCG,ENSG00000251562
MALAT1,ADAMTS1,NA,association,PCG,ENSG00000251562
MALAT1,CTNNB1,NA,association,PCG,ENSG00000251562
MALAT1,EZH2,NA,association,PCG,ENSG00000251562
MALAT1,PROM1,transcriptional regulation,binding/interaction,PCG,ENSG00000251562
MALAT1,CDK4,ceRNA(miR-124),regulation,PCG,ENSG00000251562
MALAT1,PCDH10,histone modification,regulation,PCG,ENSG00000251562
MALAT1,AKAP9,NA,regulation,PCG,ENSG00000251562
MALAT1,SRSF1,NA,regulation,PCG,ENSG00000251562
MALAT1,MMP2,NA,regulation,PCG,ENSG00000251562
MALAT1,TJP1,NA,association,PCG,ENSG00000251562
MALAT1,CTNNB1,NA,association,PCG,ENSG00000251562
MALAT1,FGF2,NA,association,PCG,ENSG00000251562
MALAT1,EPAS1,transcriptional regulation,association,PCG,ENSG00000251562
MALAT1,MAP2K1,NA,regulation,PCG,ENSG00000251562
MALAT1,MAPK3,NA,regulation,PCG,ENSG00000251562
MALAT1,MAPK14,NA,regulation,PCG,ENSG00000251562
MALAT1,MAPK8,NA,regulation,PCG,ENSG00000251562
MALAT1,CTNNB1,NA,association,PCG,ENSG00000251562
MALAT1,CDKN1A,NA,regulation,PCG,ENSG00000251562
MALAT1,DCTN6,NA,regulation,PCG,ENSG00000251562
MALAT1,PCNA,NA,association,PCG,ENSG00000251562
MALAT1,MMP9,NA,association,PCG,ENSG00000251562
MALAT1,PI3K,NA,association,PCG,ENSG00000251562
MALAT1,AKT1,NA,association,PCG,ENSG00000251562
MALAT1,LTBP3,transcriptional regulation,binding/interaction,PCG,ENSG00000251562
MALAT1,CDH5,NA,regulation,PCG,ENSG00000251562
MALAT1,CTNNB1,NA,regulation,PCG,ENSG00000251562
MALAT1,MMP14,NA,regulation,PCG,ENSG00000251562
MALAT1,MMP2,NA,regulation,PCG,ENSG00000251562
MALAT1,MMP9,NA,regulation,PCG,ENSG00000251562
MALAT1,MAPK1,NA,regulation,PCG,ENSG00000251562
MALAT1,PTK2,NA,regulation,PCG,ENSG00000251562
MALAT1,PXN,NA,regulation,PCG,ENSG00000251562
MALAT1,JAG1,ceRNA(miR-124-3p),regulation,PCG,ENSG00000251562
MALAT1,CXCR4,ceRNA(miR-204-5p),regulation,PCG,ENSG00000251562
MALAT1,FBXW7,NA,regulation,PCG,ENSG00000251562
MALAT1,IQGAP1,NA,regulation,PCG,ENSG00000251562
MALAT1,ANXA2,ceRNA(miR-206),regulation,PCG,ENSG00000251562
MALAT1,KRAS,ceRNA(miR-206),regulation,PCG,ENSG00000251562
MALAT1,BIRC7,protein stability,binding/interaction,PCG,ENSG00000251562
MALAT1,EGFL7,histone modification,regulation,PCG,ENSG00000251562
MALAT1,EZH2,interact with protein,binding/interaction,PCG,ENSG00000251562
MALAT1,CDKN1A,histone modification,association,PCG,ENSG00000251562
MALAT1,CDKN1B,histone modification,association,PCG,ENSG00000251562
MALAT1,MIA2,NA,association,PCG,ENSG00000251562
MALAT1,ROBO1,NA,association,PCG,ENSG00000251562
MALAT1,GPC6,NA,association,PCG,ENSG00000251562
MALAT1,ADGRL2,NA,association,PCG,ENSG00000251562
MALAT1,CDCP1,NA,association,PCG,ENSG00000251562
MALAT1,ABCA1,NA,association,PCG,ENSG00000251562
MALAT1,DRD1,NA,association,PCG,ENSG00000251562
MALAT1,COL6A1,NA,association,PCG,ENSG00000251562
MALAT1,STC1,NA,association,PCG,ENSG00000251562
MALAT1,MCAM,NA,association,PCG,ENSG00000251562
MALAT1,PRKCE,NA,association,PCG,ENSG00000251562
MALAT1,PI3K,NA,regulation,PCG,ENSG00000251562
MALAT1,AKT1,NA,regulation,PCG,ENSG00000251562
MALAT1,EZH2,NA,association,PCG,ENSG00000251562
MALAT1,NOTCH1,NA,association,PCG,ENSG00000251562
MALAT1,EZH2,interact with protein,binding/interaction,PCG,ENSG00000251562
MALAT1,EZH2,interact with protein,binding/interaction,PCG,ENSG00000251562
MALAT1,SUZ12,interact with protein,binding/interaction,PCG,ENSG00000251562
MALAT1,BMI1,histone modification,association,PCG,ENSG00000251562
MALAT1,VEGFA,interact with mRNA,binding/interaction,PCG,ENSG00000251562
MALAT1,CDH1,NA,association,PCG,ENSG00000251562
MALAT1,MTOR,NA,regulation,PCG,ENSG00000251562
MALAT1,RET,ceRNA(miR-129-5p),regulation,PCG,ENSG00000251562
MALAT1,MMP9,NA,regulation,PCG,ENSG00000251562
MALAT1,MAPK3,NA,regulation,PCG,ENSG00000251562
MALAT1,MAPK1,NA,regulation,PCG,ENSG00000251562
MALAT1,AURKB,NA,association,PCG,ENSG00000251562
MALAT1,LAYN,NA,association,PCG,ENSG00000251562
MALAT1,HMMR,NA,association,PCG,ENSG00000251562
MALAT1,SLC26A2,NA,association,PCG,ENSG00000251562
MALAT1,CCT4,NA,association,PCG,ENSG00000251562
MALAT1,PTBP3,NA,association,PCG,ENSG00000251562
MALAT1,CTHRC1,NA,association,PCG,ENSG00000251562
MALAT1,FHL1,NA,association,PCG,ENSG00000251562
MALAT1,CXCL5,NA,regulation,PCG,ENSG00000251562
MALAT1,ELAVL1,interact with protein,binding/interaction,PCG,ENSG00000251562
MALAT1,EPCAM,NA,regulation,PCG,ENSG00000251562
MALAT1,ITGB4,NA,regulation,PCG,ENSG00000251562
MALAT1,EPCAM,NA,regulation,PCG,ENSG00000251562
MALAT1,ITGB4,NA,regulation,PCG,ENSG00000251562
MALAT1,CDH2,NA,association,PCG,ENSG00000251562
MALAT1,CCAR2,interact with protein,binding/interaction,PCG,ENSG00000251562
MALAT1,CDH1,NA,association,PCG,ENSG00000251562
MALAT1,MIA2,NA,regulation,PCG,ENSG00000251562
MALAT1,ROBO1,NA,regulation,PCG,ENSG00000251562
MALAT1,CCT4,NA,regulation,PCG,ENSG00000251562
MALAT1,CTHRC1,NA,regulation,PCG,ENSG00000251562
MALAT1,IGF1R,NA,association,PCG,ENSG00000251562
MALAT1,ELAVL1,interact with protein,binding/interaction,PCG,ENSG00000251562
MALAT1,TIA1,NA,association,PCG,ENSG00000251562
MALAT1,LATS1,NA,association,PCG,ENSG00000251562
MALAT1,YAP1,NA,association,PCG,ENSG00000251562
MALAT1,CDH1,histone modification,regulation,PCG,ENSG00000251562
MALAT1,RHOA,NA,association,PCG,ENSG00000251562
MALAT1,ROCK1,ceRNA(miR-144-3p),regulation,PCG,ENSG00000251562
MALAT1,ROCK2,ceRNA(miR-144-3p),regulation,PCG,ENSG00000251562
MALAT1,EZH2,interact with protein,binding/interaction,PCG,ENSG00000251562
MALAT1,AKAP9,NA,regulation,PCG,ENSG00000251562
MALAT1,CCL5,NA,regulation,PCG,ENSG00000251562
MALAT1,EZH2,interact with protein,binding/interaction,PCG,ENSG00000251562
MALAT1,MCL1,NA,regulation,PCG,ENSG00000251562
MALAT1,CDK6,NA,regulation,PCG,ENSG00000251562
MALAT1,CDH2,NA,regulation,PCG,ENSG00000251562
MALAT1,CDH1,epigenetic regulation,regulation,PCG,ENSG00000251562
MALAT1,EZH2,interact with protein,binding/interaction,PCG,ENSG00000251562
MEG3,TPM1,NA,association,PCG,ENSG00000214548
MEG3,SMO,interact with protein,binding/interaction,PCG,ENSG00000214548
MEG3,PDCD4,ceRNA(miR-141),regulation,PCG,ENSG00000214548
MEG3,PDCD4,ceRNA(miR-21),regulation,PCG,ENSG00000214548
MEG3,CDH2,NA,association,PCG,ENSG00000214548
MEG3,PI3K,interact with protein,binding/interaction,PCG,ENSG00000214548
MEG3,ADH4,ceRNA(miR-664),regulation,PCG,ENSG00000214548
MEG3,CDH1,ceRNA(miR-421),regulation,PCG,ENSG00000214548
MEG3,AIFM2,ceRNA(miR-214),regulation,PCG,ENSG00000214548
MEG3,CDH1,ceRNA(miR-9),regulation,PCG,ENSG00000214548
MEG3,MDM2,NA,regulation,PCG,ENSG00000214548
MEG3,PTEN,ceRNA(miR-21),regulation,PCG,ENSG00000214548
MEG3,JAK2,mediate protein interactions,binding/interaction,PCG,ENSG00000214548
MEG3,NLRP3,NA,regulation,PCG,ENSG00000214548
MEG3,SRGAP1,NA,association,PCG,ENSG00000214548
MEG3,NOTCH1,NA,association,PCG,ENSG00000214548
MEG3,TGFB1,NA,association,PCG,ENSG00000214548
MEG3,HDAC7,ceRNA(miR-140-5p),regulation,PCG,ENSG00000214548
MEG3,SKP2,ceRNA(miR-3163),regulation,PCG,ENSG00000214548
MEG3,BCL2,ceRNA(miR-181),regulation,PCG,ENSG00000214548
MEG3,VEGFA,NA,regulation,PCG,ENSG00000214548
MEG3,CDH1,histone modification,regulation,PCG,ENSG00000214548
MEG3,BRI3,ceRNA(miR-183),regulation,PCG,ENSG00000214548
MEG3,ATG3,interact with mRNA,binding/interaction,PCG,ENSG00000214548
MEG3,PI3K,NA,association,PCG,ENSG00000214548
MEG3,HSPA5,NA,association,PCG,ENSG00000214548
MEG3,NOTCH1,NA,association,PCG,ENSG00000214548
MEG3,GDF15,NA,regulation,PCG,ENSG00000214548
MEG3,MDM2,NA,regulation,PCG,ENSG00000214548
MEG3,ILF3,interact with protein,binding/interaction,PCG,ENSG00000214548
MEG3,CTNNB1,NA,regulation,PCG,ENSG00000214548
MEG3,GDF15,transcriptional regulation,regulation,PCG,ENSG00000214548
MEG3,BCL2,NA,regulation,PCG,ENSG00000214548
MEG3,CASP9,NA,regulation,PCG,ENSG00000214548
MEG3,BMP4,transcriptional regulation,regulation,PCG,ENSG00000214548
MEG3,MET,transcriptional regulation,binding/interaction,PCG,ENSG00000214548
MEG3,PTEN,ceRNA(miR-19a-3p),regulation,PCG,ENSG00000214548
MEG3,ABCC1,NA,association,PCG,ENSG00000214548
MEG3,ABCB1,NA,association,PCG,ENSG00000214548
MEG3,ABCG2,NA,association,PCG,ENSG00000214548
MEG3,RAC1,interact with mRNA,binding/interaction,PCG,ENSG00000214548
MEG3,PHLPP1,NA,regulation,PCG,ENSG00000214548
MEG3,GDF15,NA,association,PCG,ENSG00000214548
MEG3,RB1,NA,association,PCG,ENSG00000214548
MEG3,EZH2,interact with protein,binding/interaction,PCG,ENSG00000214548
MEG3,DNMT1,interact with protein,binding/interaction,PCG,ENSG00000214548
MIAT,EPHA2,ceRNA(miR-520d-3p),regulation,PCG,ENSG00000225783
MIAT,CDH2,NA,association,PCG,ENSG00000225783
MIAT,HDAC4,ceRNA(miR-29a-3p),regulation,PCG,ENSG00000225783
MIAT,LOXL2,ceRNA(miR-29c),regulation,PCG,ENSG00000225783
MIAT,VEGFA,ceRNA(miR-150-5p),regulation,PCG,ENSG00000225783
MIR100HG,CDK6,ceRNA(miR-19a-3p;miR-19b-3p;miR-106a-5p),regulation,PCG,ENSG00000255248
MIR100HG,SNCAIP,ceRNA(miR-19a-3p;miR-19b-3p;miR-106a-5p),regulation,PCG,ENSG00000255248
MIR100HG,KDM6A,ceRNA(miR-19a-3p;miR-19b-3p;miR-106a-5p),regulation,PCG,ENSG00000255248
MIR100HG,BCL2,NA,regulation,PCG,ENSG00000255248
MIR22HG,DAPK1,ceRNA(miR-141-3p),regulation,PCG,ENSG00000186594
MIR22HG,MET,NA,regulation,PCG,ENSG00000186594
MIR22HG,CDKN1A,NA,regulation,PCG,ENSG00000186594
NEAT1,TGFB1,ceRNA(miR-139-5p),association,PCG,ENSG00000245532
NEAT1,CDH1,epigenetic regulation,regulation,PCG,ENSG00000245532
NEAT1,IGF2,ceRNA(let-7a),regulation,PCG,ENSG00000245532
NEAT1,CDK14,ceRNA(miR-107),regulation,PCG,ENSG00000245532
NEAT1,CXCR4,ceRNA(miR-204),regulation,PCG,ENSG00000245532
NEAT1,BCL2,ceRNA(miR-34c),regulation,PCG,ENSG00000245532
NEAT1,CCND1,ceRNA(miR-34c),regulation,PCG,ENSG00000245532
NEAT1,DDX5,protein stability,binding/interaction,PCG,ENSG00000245532
NEAT1,IL6,NA,regulation,PCG,ENSG00000245532
NEAT1,MCL1,ceRNA(miR-193a),regulation,PCG,ENSG00000245532
NEAT1,MAPK6,ceRNA(miR-98-5p),regulation,PCG,ENSG00000245532
NEAT1,CDK5R1,NA,association,PCG,ENSG00000245532
NEAT1,ROCK1,NA,regulation,PCG,ENSG00000245532
NEAT1,ROCK1,ceRNA(miR-382-3p),regulation,PCG,ENSG00000245532
NEAT1,PNPLA2,ceRNA(miR-124-3p),regulation,PCG,ENSG00000245532
NEAT1,SPP1,ceRNA(miR-181c),regulation,PCG,ENSG00000245532
NEAT1,SIN3A,interact with protein,binding/interaction,PCG,ENSG00000245532
NEAT1,CTNNB1,NA,regulation,PCG,ENSG00000245532
NEAT1,CDH2,NA,regulation,PCG,ENSG00000245532
NEAT1,CDH1,NA,regulation,PCG,ENSG00000245532
NEAT1,WNT4,NA,regulation,PCG,ENSG00000245532
NEAT1,NRAS,ceRNA(let-7e),regulation,PCG,ENSG00000245532
NEAT1,CTBP2,ceRNA(miR-129),regulation,PCG,ENSG00000245532
NEAT1,CDK6,ceRNA(miR-107),regulation,PCG,ENSG00000245532
NEAT1,EIF4G1,NA,association,PCG,ENSG00000245532
NEAT1,MMP2,NA,association,PCG,ENSG00000245532
NEAT1,MMP7,NA,association,PCG,ENSG00000245532
NEAT1,EZH2,ceRNA(miR-101-3p),regulation,PCG,ENSG00000245532
NEAT1,MET,ceRNA(miR-449b-5p),regulation,PCG,ENSG00000245532
NEAT1,EZH2,interact with protein,binding/interaction,PCG,ENSG00000245532
OIP5-AS1,AGPAT2,ceRNA(miR-340-5p),regulation,PCG,ENSG00000247556
OIP5-AS1,OIP5,NA,association,PCG,ENSG00000247556
OIP5-AS1,CDK14,ceRNA(miR-223),regulation,PCG,ENSG00000247556
OIP5-AS1,BCL2,ceRNA(miR-448),regulation,PCG,ENSG00000247556
OIP5-AS1,DYRK1A,ceRNA(miR-369-3p),regulation,PCG,ENSG00000247556
OIP5-AS1,ELAVL1,ceRNA(miR-424),regulation,PCG,ENSG00000247556
OIP5-AS1,YAP1,NA,association,PCG,ENSG00000247556
PART1,DNMT3A,DNA methylation;ceRNA(miR-143),regulation,PCG,ENSG00000152931
PART1,BCL2,ceRNA(miR-129),regulation,PCG,ENSG00000152931
PSMD6-AS1,MDM2,transcriptional regulation,binding/interaction,PCG,ENSG00000243410
PVT1,TGFB1,NA,association,PCG,ENSG00000249859
PVT1,ULK1,ceRNA(miR-20a-5p),regulation,PCG,ENSG00000249859
PVT1,ANGPTL4,histone modification,regulation,PCG,ENSG00000249859
PVT1,GREM1,ceRNA(miR-128-3p),regulation,PCG,ENSG00000249859
PVT1,BCL2,ceRNA(miR-195),regulation,PCG,ENSG00000249859
PVT1,CCND1,ceRNA(miR-195),regulation,PCG,ENSG00000249859
PVT1,FASN,ceRNA(miR-195),regulation,PCG,ENSG00000249859
PVT1,IGF1R,ceRNA(miR-30a),regulation,PCG,ENSG00000249859
PVT1,INCENP,ceRNA(miR-424-5p),regulation,PCG,ENSG00000249859
PVT1,EZH2,NA,association,PCG,ENSG00000249859
PVT1,MCL1,NA,regulation,PCG,ENSG00000249859
PVT1,MMP9,ceRNA(miR-200a);ceRNA(miR-200b),regulation,PCG,ENSG00000249859
PVT1,HK2,ceRNA(miR-497),regulation,PCG,ENSG00000249859
PVT1,HILPDA,ceRNA(miR-150),regulation,PCG,ENSG00000249859
PVT1,FGFR1,ceRNA(miR-195-5p),regulation,PCG,ENSG00000249859
PVT1,FGF2,ceRNA(miR-195-5p),regulation,PCG,ENSG00000249859
PVT1,MTOR,NA,association,PCG,ENSG00000249859
PVT1,ABCC1,NA,association,PCG,ENSG00000249859
PVT1,ABCB1,NA,association,PCG,ENSG00000249859
PVT1,BCL2,NA,association,PCG,ENSG00000249859
PVT1,TGFB1,NA,association,PCG,ENSG00000249859
PVT1,ATG7,ceRNA(miR-186),regulation,PCG,ENSG00000249859
PVT1,BECN1,ceRNA(miR-186),regulation,PCG,ENSG00000249859
PVT1,CDKN1A,NA,regulation,PCG,ENSG00000249859
PVT1,YAP1,ceRNA(miR-186-5p),regulation,PCG,ENSG00000249859
PVT1,LASP1,ceRNA(miR-203),regulation,PCG,ENSG00000249859
PVT1,LATS2,histone modification,regulation,PCG,ENSG00000249859
PVT1,CDKN2B,NA,association,PCG,ENSG00000249859
PVT1,CDKN1A,NA,association,PCG,ENSG00000249859
PVT1,TSHR,transcriptional regulation,regulation,PCG,ENSG00000249859
PVT1,CCND1,NA,association,PCG,ENSG00000249859
PVT1,ABCB1,NA,association,PCG,ENSG00000249859
PVT1,ABCC1,NA,association,PCG,ENSG00000249859
PVT1,MTOR,NA,association,PCG,ENSG00000249859
PVT1,MRPL28,histone modification,regulation,PCG,ENSG00000249859
PVT1,CDKN2A,histone modification,regulation,PCG,ENSG00000249859
PVT1,EZH2,interact with protein,binding/interaction,PCG,ENSG00000249859
PVT1,EZH2,interact with protein,binding/interaction,PCG,ENSG00000249859
PVT1,EZH2,interact with protein,binding/interaction,PCG,ENSG00000249859
PVT1,EZH2,interact with protein,binding/interaction,PCG,ENSG00000249859
PVT1,EZH2,interact with protein,binding/interaction,PCG,ENSG00000249859
PVT1,EZH2,interact with protein,binding/interaction,PCG,ENSG00000249859
PVT1,EZH2,interact with protein,binding/interaction,PCG,ENSG00000249859
SLC7A11-AS1,SLC7A11,NA,association,PCG,ENSG00000250033
SNHG1,IDO1,ceRNA(miR-448),regulation,PCG,ENSG00000255717
SNHG1,CDKN1A,epigenetic regulation,regulation,PCG,ENSG00000255717
SNHG1,NOTCH1,NA,association,PCG,ENSG00000255717
SNHG1,GSK3B,ceRNA(miR-15b-5p),regulation,PCG,ENSG00000255717
SNHG1,CDKN2B,histone modification,regulation,PCG,ENSG00000255717
SNHG1,CCND2,ceRNA(miR-154-5p),regulation,PCG,ENSG00000255717
SNHG1,YAP1,ceRNA(miR-375),regulation,PCG,ENSG00000255717
SNHG1,SIAH1,ceRNA(miR-15b-5p),regulation,PCG,ENSG00000255717
SNHG1,NOB1,ceRNA(miR-326),regulation,PCG,ENSG00000255717
SNHG1,CDH1,NA,regulation,PCG,ENSG00000255717
SNHG1,VIM,NA,regulation,PCG,ENSG00000255717
SNHG1,CDH2,NA,regulation,PCG,ENSG00000255717
SNHG1,NOTCH1,NA,regulation,PCG,ENSG00000255717
SNHG1,DNMT1,NA,regulation,PCG,ENSG00000255717
SNHG1,WNT2B,ceRNA(miR-577),regulation,PCG,ENSG00000255717
SNHG1,TGFBR2,ceRNA(miR-302;miR-372;miR-373;miR-520),regulation,PCG,ENSG00000255717
SNHG1,RAB11A,ceRNA(miR-302;miR-372;miR-373;miR-520),regulation,PCG,ENSG00000255717
SNHG1,MTDH,ceRNA(miR-145-5p),regulation,PCG,ENSG00000255717
SNHG1,CST3,ceRNA(miR-338),regulation,PCG,ENSG00000255717
SNHG1,CDK7,ceRNA(miR-199a-3p),regulation,PCG,ENSG00000255717
SNHG1,EZH2,interact with protein,binding/interaction,PCG,ENSG00000255717
SNHG1,EZH2,interact with protein,binding/interaction,PCG,ENSG00000255717
SNHG12,ELAVL1,interact with protein,binding/interaction,PCG,ENSG00000197989
SNHG12,MCL1,ceRNA(miR-320a),regulation,PCG,ENSG00000197989
SNHG12,NOTCH2,ceRNA(miR-195-5p),regulation,PCG,ENSG00000197989
SNHG12,MAP3K11,ceRNA(miR-199a-5p;miR-199b-5p),regulation,PCG,ENSG00000197989
SNHG12,AMOT,NA,regulation,PCG,ENSG00000197989
SNHG12,MMP13,NA,regulation,PCG,ENSG00000197989
SNHG15,YAP1,ceRNA(miR-200a-3p),regulation,PCG,ENSG00000232956
SNHG15,VEGFA,ceRNA(miR-153),regulation,PCG,ENSG00000232956
SNHG15,CDC42,ceRNA(miR-153),regulation,PCG,ENSG00000232956
SNHG15,MMP2,NA,regulation,PCG,ENSG00000232956
SNHG15,MMP9,NA,regulation,PCG,ENSG00000232956
SNHG16,MUC5AC,ceRNA(miR-146a),regulation,PCG,ENSG00000163597
SNHG16,PRMT5,ceRNA(miR-4518),regulation,PCG,ENSG00000163597
SNHG17,CDKN1C,histone modification,regulation,PCG,ENSG00000196756
SNHG3,GSK3B,NA,regulation,PCG,ENSG00000242125
SNHG3,CTNNB1,NA,regulation,PCG,ENSG00000242125
SNHG5,CASP1,ceRNA(miR-377),regulation,PCG,ENSG00000203875
SNHG5,GSK3B,ceRNA(miR-26a-5p),regulation,PCG,ENSG00000203875
SNHG5,STAU1,NA,regulation,PCG,ENSG00000203875
SNHG6,NUAK1,ceRNA(miR-125b),regulation,PCG,ENSG00000245910
SNHG6,MAPK6,ceRNA(miR-26a-5p),regulation,PCG,ENSG00000245910
SNHG6,CDKN1A,epigenetic regulation,regulation,PCG,ENSG00000245910
SNHG6,CDKN1A,histone modification,regulation,PCG,ENSG00000245910
SNHG6,CDKN1A,NA,regulation,PCG,ENSG00000245910
SNHG6,CDKN1B,histone modification,regulation,PCG,ENSG00000245910
SNHG6,EZH2,interact with protein,binding/interaction,PCG,ENSG00000245910
SNHG6,EZH2,interact with protein,binding/interaction,PCG,ENSG00000245910
SNHG7,GALNT7,ceRNA(miR-34a),regulation,PCG,ENSG00000233016
SNHG7,FAIM2,ceRNA(miR-193b),regulation,PCG,ENSG00000233016
SNHG7,CDKN2B,NA,regulation,PCG,ENSG00000233016
SNHG7,CDKN2A,NA,regulation,PCG,ENSG00000233016
SNHG7,CCND1,ceRNA(miR-503),regulation,PCG,ENSG00000233016
SNHG7,FAIM2,NA,association,PCG,ENSG00000233016
UCA1,ABCB1,ceRNA(miR-129),regulation,PCG,ENSG00000214049
UCA1,MAPK1,NA,association,PCG,ENSG00000214049
UCA1,HK2,ceRNA(miR-125a),regulation,PCG,ENSG00000214049
UCA1,BRD4,ceRNA(miR-204),regulation,PCG,ENSG00000214049
UCA1,YAP1,ceRNA(miR-18a),regulation,PCG,ENSG00000214049
UCA1,SF1,ceRNA(miR-184),regulation,PCG,ENSG00000214049
UCA1,GRK2,interact with protein,binding/interaction,PCG,ENSG00000214049
UCA1,CDKN1A,histone modification,regulation,PCG,ENSG00000214049
UCA1,CDH1,histone modification,regulation,PCG,ENSG00000214049
UCA1,CCND1,transcriptional regulation,regulation,PCG,ENSG00000214049
UCA1,CDKN1B,NA,regulation,PCG,ENSG00000214049
UCA1,MTOR,NA,regulation,PCG,ENSG00000214049
UCA1,KRAS,NA,regulation,PCG,ENSG00000214049
UCA1,SMARCA4,interact with protein,binding/interaction,PCG,ENSG00000214049
UCA1,CDKN1A,epigenetic regulation,regulation,PCG,ENSG00000214049
UCA1,WNT6,NA,regulation,PCG,ENSG00000214049
UCA1,CDKN1B,interact with protein,binding/interaction,PCG,ENSG00000214049
UCA1,FSCN1,ceRNA(miR-145),regulation,PCG,ENSG00000214049
UCA1,TERT,NA,regulation,PCG,ENSG00000214049
UCA1,CASP3,NA,regulation,PCG,ENSG00000214049
UCA1,CDK2,NA,regulation,PCG,ENSG00000214049
UCA1,CDKN1A,NA,regulation,PCG,ENSG00000214049
UCA1,BCL2,ceRNA(miR-184),regulation,PCG,ENSG00000214049
UCA1,PIM1,epigenetic regulation,regulation,PCG,ENSG00000214049
UCA1,PKM,transcriptional regulation,binding/interaction,PCG,ENSG00000214049
UCA1,ARL2,ceRNA(miR-195),regulation,PCG,ENSG00000214049
UCA1,ABCB1,ceRNA(miR-16),regulation,PCG,ENSG00000214049
UCA1,CDKN1A,histone modification,regulation,PCG,ENSG00000214049
UCA1,MMP14,ceRNA(miR-485-5p),regulation,PCG,ENSG00000214049
UCA1,PARP1,NA,association,PCG,ENSG00000214049
UCA1,BCL2,NA,association,PCG,ENSG00000214049
UCA1,CDK2,epigenetic regulation,association,PCG,ENSG00000214049
UCA1,CDKN1B,histone modification,regulation,PCG,ENSG00000214049
UCA1,CTNNB1,chromatin looping;enhancer,regulation,PCG,ENSG00000214049
UCA1,FGFR1,ceRNA(miR-216b),regulation,PCG,ENSG00000214049
UCA1,PPP1R13L,ceRNA(miR-182-5p),regulation,PCG,ENSG00000214049
UCA1,CCND1,NA,regulation,PCG,ENSG00000214049
UCA1,VIM,NA,association,PCG,ENSG00000214049
UCA1,CDH1,NA,association,PCG,ENSG00000214049
UCA1,TJP1,NA,association,PCG,ENSG00000214049
UCA1,CDKN1B,NA,association,PCG,ENSG00000214049
UCA1,CDKN1B,NA,regulation,PCG,ENSG00000214049
UCA1,GLS2,ceRNA(miR-16),association,PCG,ENSG00000214049
UCA1,MTOR,NA,regulation,PCG,ENSG00000214049
UCA1,HK2,NA,regulation,PCG,ENSG00000214049
UCA1,EZH2,interact with protein,binding/interaction,PCG,ENSG00000214049
UCA1,EZH2,interact with protein,binding/interaction,PCG,ENSG00000214049
UCA1,EZH2,interact with protein,binding/interaction,PCG,ENSG00000214049
XIST,WNT1,ceRNA(miR-34a),regulation,PCG,ENSG00000229807
XIST,NOD2,ceRNA(miR-320),regulation,PCG,ENSG00000229807
XIST,TGFB1,ceRNA(miR-185),regulation,PCG,ENSG00000229807
XIST,ATG7,ceRNA(miR-17),regulation,PCG,ENSG00000229807
XIST,PPP1R13L,ceRNA(miR-140;miR-124),regulation,PCG,ENSG00000229807
XIST,PDCD4,ceRNA(miR-21-5p),regulation,PCG,ENSG00000229807
XIST,EGFR,ceRNA(miR-133a),regulation,PCG,ENSG00000229807
XIST,CDKN1A,histone modification,regulation,PCG,ENSG00000229807
XIST,MGMT,NA,association,PCG,ENSG00000229807
XIST,SGK1,ceRNA(miR-124),regulation,PCG,ENSG00000229807
XIST,PDE4D,ceRNA(miR-130a-3p),regulation,PCG,ENSG00000229807
XIST,LARP1,ceRNA(miR-374a),regulation,PCG,ENSG00000229807
XIST,RSF1,ceRNA(miR-193a-3p),regulation,PCG,ENSG00000229807
XIST,NOTCH1,ceRNA(miR-137),regulation,PCG,ENSG00000229807
XIST,MAPK1,ceRNA(miR-194-5p),binding/interaction,PCG,ENSG00000229807
XIST,PPP1R13L,ceRNA(miR-140),regulation,PCG,ENSG00000229807
XIST,RAC1,ceRNA(miR-137),regulation,PCG,ENSG00000229807
XIST,PTEN,ceRNA(miR-181a),regulation,PCG,ENSG00000229807
XIST,EZH2,ceRNA(miR-101),regulation,PCG,ENSG00000229807
XIST,PDK1,ceRNA(miR-139-5p),regulation,PCG,ENSG00000229807
XIST,MACC1,ceRNA(miR-497),regulation,PCG,ENSG00000229807
XIST,BAG1,ceRNA(let-7i),regulation,PCG,ENSG00000229807
XIST,MAPK1,ceRNA(miR-132-3p),regulation,PCG,ENSG00000229807
XIST,BCL2,ceRNA(miR-449a),regulation,PCG,ENSG00000229807
XIST,EZH2,ceRNA(miR-101),regulation,PCG,ENSG00000229807
XIST,XIAP,NA,association,PCG,ENSG00000229807
XIST,EZH2,interact with protein,binding/interaction,PCG,ENSG00000229807
XIST,EZH2,interact with protein,binding/interaction,PCG,ENSG00000229807
ZEB1-AS1,VIM,NA,association,PCG,ENSG00000237036
ZEB1-AS1,CDH2,NA,association,PCG,ENSG00000237036
ZEB1-AS1,CDH1,NA,association,PCG,ENSG00000237036
ZEB1-AS1,MAPK1,NA,association,PCG,ENSG00000237036
ZEB1-AS1,BAX,NA,association,PCG,ENSG00000237036
ZEB1-AS1,BCL2,NA,association,PCG,ENSG00000237036
ZEB1-AS1,CCND1,NA,association,PCG,ENSG00000237036
ZEB1-AS1,CDK2,NA,association,PCG,ENSG00000237036
ZEB1-AS1,MMP2,NA,association,PCG,ENSG00000237036
ZEB1-AS1,MMP9,NA,association,PCG,ENSG00000237036
ZEB1-AS1,CDH2,NA,association,PCG,ENSG00000237036
ZEB1-AS1,ITGB1,NA,association,PCG,ENSG00000237036
ZEB1-AS1,CDH1,NA,association,PCG,ENSG00000237036
GAS5,SNORD50A,host(snoRNA),regulation,snoRNA,ENSG00000234741
CRNDE,IRX5,ceRNA(miR-136-5p),regulation,TF,ENSG00000245694
CRNDE,FOXM1,NA,regulation,TF,ENSG00000245694
CRNDE,MYC,NA,regulation,TF,ENSG00000245694
CRNDE,TCF4,ceRNA(miR-181a-5p),regulation,TF,ENSG00000245694
CRNDE,E2F3,ceRNA(miR-45),regulation,TF,ENSG00000245694
CRNDE,TCF7L2,ceRNA(miR-217),regulation,TF,ENSG00000245694
DGCR5,KLF14,ceRNA(miR-346),regulation,TF,ENSG00000237517
DLX6-AS1,E2F1,ceRNA(miR-197-5p),regulation,TF,ENSG00000231764
DLX6-AS1,DLX6,NA,association,TF,ENSG00000231764
FTX,PPARG,NA,association,TF,ENSG00000230590
GAS5,HOXA5,ceRNA(miR-196a-5p),regulation,TF,ENSG00000234741
GAS5,STAT3,NA,association,TF,ENSG00000234741
GAS5,FOXO3,ceRNA(miR-182-5p),regulation,TF,ENSG00000234741
GAS5,FOXO1,ceRNA(miR-196a-5p),regulation,TF,ENSG00000234741
GAS5,KLF2,NA,regulation,TF,ENSG00000234741
GAS5,TP53,NA,association,TF,ENSG00000234741
GAS5,FOXO1,ceRNA(miR-205;miR-196a),binding/interaction,TF,ENSG00000234741
GAS5,YBX1,interact with protein,binding/interaction,TF,ENSG00000234741
GAS5,E2F1,NA,regulation,TF,ENSG00000234741
GAS5,TP53,NA,association,TF,ENSG00000234741
GAS5,E2F1,NA,association,TF,ENSG00000234741
H19,RUNX2,NA,association,TF,ENSG00000130600
H19,TWIST1,ceRNA(miR-326),regulation,TF,ENSG00000130600
H19,E2F3,ceRNA(miR-106a-5p),regulation,TF,ENSG00000130600
H19,ZEB1,NA,association,TF,ENSG00000130600
H19,E2F1,NA,association,TF,ENSG00000130600
H19,E2F1,ceRNA(miR-29a-3p),regulation,TF,ENSG00000130600
H19,ID2,ceRNA(miR-19a);ceRNA(miR-19b),regulation,TF,ENSG00000130600
H19,SOX4,ceRNA(miR-130a-3p),regulation,TF,ENSG00000130600
H19,FOXM1,NA,association,TF,ENSG00000130600
H19,SREBF1,protein stability,binding/interaction,TF,ENSG00000130600
H19,SOX8,ceRNA(miR-139),regulation,TF,ENSG00000130600
H19,HMGA2,ceRNA(let-7),regulation,TF,ENSG00000130600
H19,RUNX1,host(miR-675),regulation,TF,ENSG00000130600
H19,VDR,ceRNA(miR-675-5p),regulation,TF,ENSG00000130600
H19,E2F1,NA,regulation,TF,ENSG00000130600
H19,LIN28A,ceRNA(let-7),regulation,TF,ENSG00000130600
H19,HMGA1,ceRNA(miR-138),regulation,TF,ENSG00000130600
H19,ZEB1,ceRNA(miR-200s),regulation,TF,ENSG00000130600
H19,ZEB2,ceRNA(miR-200s),regulation,TF,ENSG00000130600
H19,TWIST1,NA,association,TF,ENSG00000130600
H19,POU5F1,NA,regulation,TF,ENSG00000130600
H19,NANOG,NA,regulation,TF,ENSG00000130600
H19,FOXM1,ceRNA(miR-342-3p),regulation,TF,ENSG00000130600
H19,TP53,host(miR-675),regulation,TF,ENSG00000130600
H19,ZEB1,ceRNA(miR-141),regulation,TF,ENSG00000130600
H19,ZEB1,ceRNA(miR-138;miR-200a),regulation,TF,ENSG00000130600
H19,ZEB2,ceRNA(miR-138;miR-200a),regulation,TF,ENSG00000130600
H19,SNAI2,NA,regulation,TF,ENSG00000130600
H19,HMGA2,NA,regulation,TF,ENSG00000130600
H19,MYC,NA,regulation,TF,ENSG00000130600
H19,HMGA2,NA,regulation,TF,ENSG00000130600
H19,MYC,NA,regulation,TF,ENSG00000130600
H19,NFE2L2,NA,regulation,TF,ENSG00000130600
HIF1A-AS2,TP53,transcriptional regulation,regulation,TF,NA
HIF1A-AS2,HIF1A,ceRNA(miR-153-3p),regulation,TF,NA
HIF1A-AS2,HMGA1,NA,regulation,TF,NA
HNF1A-AS1,HES1,NA,association,TF,ENSG00000241388
HNF1A-AS1,MYC,NA,regulation,TF,ENSG00000241388
HNF1A-AS1,TP53,NA,regulation,TF,ENSG00000241388
HNF1A-AS1,SOX4,ceRNA(miR-214),regulation,TF,ENSG00000241388
KCNQ1OT1,SMAD4,NA,regulation,TF,ENSG00000269821
LINC00261,HES1,NA,association,TF,ENSG00000259974
LINC00261,FOXO1,ceRNA,regulation,TF,ENSG00000259974
LINC00313,SOX2,transcriptional regulation,regulation,TF,ENSG00000185186
LINC00673,HOXA5,histone modification,regulation,TF,ENSG00000227036
LINC00673,KLF2,histone modification,regulation,TF,ENSG00000227036
LINC00673,POU4F1,interact with protein,binding/interaction,TF,ENSG00000227036
LINC00673,AR,interact with protein,binding/interaction,TF,ENSG00000227036
MALAT1,HMGB1,ceRNA(miR-129-5p),regulation,TF,ENSG00000251562
MALAT1,STAT3,ceRNA(miR-124),regulation,TF,ENSG00000251562
MALAT1,HIF1A,NA,association,TF,ENSG00000251562
MALAT1,NFKB1,NA,association,TF,ENSG00000251562
MALAT1,FOXQ1,ceRNA(miR-124),regulation,TF,ENSG00000251562
MALAT1,NFE2L1,NA,regulation,TF,ENSG00000251562
MALAT1,KEAP1,epigenetic regulation,regulation,TF,ENSG00000251562
MALAT1,ZEB1,ceRNA(miR-143-3p),regulation,TF,ENSG00000251562
MALAT1,HMGB1,protein stability,binding/interaction,TF,ENSG00000251562
MALAT1,NFKB1,NA,regulation,TF,ENSG00000251562
MALAT1,ZEB1,ceRNA(miR-200a),regulation,TF,ENSG00000251562
MALAT1,ZEB2,ceRNA(miR-200a),regulation,TF,ENSG00000251562
MALAT1,SP1,interact with protein,binding/interaction,TF,ENSG00000251562
MALAT1,SMAD4,ceRNA(miR-204),regulation,TF,ENSG00000251562
MALAT1,SNAI2,ceRNA(miR-1),regulation,TF,ENSG00000251562
MALAT1,HMGB1,ceRNA(miR-142-3p;miR-129-5p),regulation,TF,ENSG00000251562
MALAT1,TERF2,transcriptional regulation,regulation,TF,ENSG00000251562
MALAT1,SNAI1,ceRNA(miR-22),regulation,TF,ENSG00000251562
MALAT1,GLI2,ceRNA(miR-202),regulation,TF,ENSG00000251562
MALAT1,LIN28A,NA,association,TF,ENSG00000251562
MALAT1,KDM5B,NA,association,TF,ENSG00000251562
MALAT1,NFKB1,NA,association,TF,ENSG00000251562
MALAT1,ZEB2,ceRNA(miR-200c),regulation,TF,ENSG00000251562
MALAT1,SOX2,NA,regulation,TF,ENSG00000251562
MALAT1,MYBL2,NA,regulation,TF,ENSG00000251562
MALAT1,POU5F1,NA,association,TF,ENSG00000251562
MALAT1,NANOG,NA,association,TF,ENSG00000251562
MALAT1,TEAD1,protein stability,binding/interaction,TF,ENSG00000251562
MALAT1,ZEB1,NA,association,TF,ENSG00000251562
MALAT1,ZEB2,NA,association,TF,ENSG00000251562
MALAT1,SNAI2,NA,association,TF,ENSG00000251562
MALAT1,TP53,histone modification,regulation,TF,ENSG00000251562
MALAT1,HNF4G,NA,regulation,TF,ENSG00000251562
MALAT1,SP1,interact with protein,binding/interaction,TF,ENSG00000251562
MEG3,NFKB1,NA,regulation,TF,ENSG00000214548
MEG3,TP53,NA,regulation,TF,ENSG00000214548
MEG3,SMAD7,NA,association,TF,ENSG00000214548
MEG3,TP53,NA,association,TF,ENSG00000214548
MEG3,FOXO1,ceRNA(miR-9),regulation,TF,ENSG00000214548
MEG3,TP53,NA,regulation,TF,ENSG00000214548
MEG3,HOXA11,ceRNA(miR-181a),regulation,TF,ENSG00000214548
MEG3,NFE2L2,ceRNA(miR-34a),regulation,TF,ENSG00000214548
MEG3,ZEB1,ceRNA(miR-127),regulation,TF,ENSG00000214548
MEG3,TP53,NA,regulation,TF,ENSG00000214548
MEG3,TP53,interact with protein,binding/interaction,TF,ENSG00000214548
MEG3,E2F3,ceRNA(miR-141),regulation,TF,ENSG00000214548
MEG3,TP53,NA,regulation,TF,ENSG00000214548
MEG3,NFKB1,NA,association,TF,ENSG00000214548
MEG3,HES1,NA,association,TF,ENSG00000214548
MEG3,TP53,NA,regulation,TF,ENSG00000214548
MEG3,TP53,NA,regulation,TF,ENSG00000214548
MEG3,TP53,transcriptional regulation,association,TF,ENSG00000214548
MEG3,TP53,NA,association,TF,ENSG00000214548
MEG3,TP53,interact with protein,binding/interaction,TF,ENSG00000214548
MEG3,JUN,interact with protein,binding/interaction,TF,ENSG00000214548
MEG3,HIF1A,NA,regulation,TF,ENSG00000214548
MEG3,TP53,NA,association,TF,ENSG00000214548
MEG3,JARID2,interact with protein,binding/interaction,TF,ENSG00000214548
MIAT,ZEB1,ceRNA(miR-150),regulation,TF,ENSG00000225783
MIAT,STAT3,ceRNA(miR-181b),regulation,TF,ENSG00000225783
MIAT,POU5F1,NA,regulation,TF,ENSG00000225783
MIR100HG,MYCN,ceRNA(miR-19a-3p;miR-19b-3p;miR-106a-5p),regulation,TF,ENSG00000255248
MIR22HG,HMGB1,ceRNA(miR-22-3p),regulation,TF,ENSG00000186594
MIR22HG,YBX1,NA,regulation,TF,ENSG00000186594
NEAT1,ZEB1,ceRNA(miR-448),regulation,TF,ENSG00000245532
NEAT1,STAT3,ceRNA(miR-485),regulation,TF,ENSG00000245532
NEAT1,LEF1,ceRNA(miR-146b-5p),regulation,TF,ENSG00000245532
NEAT1,STAT3,ceRNA(miR-506),regulation,TF,ENSG00000245532
NEAT1,HMGA2,ceRNA(miR-211),regulation,TF,ENSG00000245532
NEAT1,USF1,ceRNA(miR-193a-3p),regulation,TF,ENSG00000245532
NEAT1,HMGA1,ceRNA(miR-214-3p),regulation,TF,ENSG00000245532
NEAT1,KLF6,ceRNA(miR-122),regulation,TF,ENSG00000245532
NEAT1,GATA3,transcriptional regulation,regulation,TF,ENSG00000245532
NEAT1,E2F3,ceRNA(miR-377-3p),regulation,TF,ENSG00000245532
NEAT1,ZEB1,ceRNA(miR-204-5p),regulation,TF,ENSG00000245532
NEAT1,MYC,NA,association,TF,ENSG00000245532
OIP5-AS1,ZEB1,ceRNA(miR-186a-5p),binding/interaction,TF,ENSG00000247556
OIP5-AS1,KLF10,ceRNA(miR-410),regulation,TF,ENSG00000247556
PURPL,TP53,NA,association,TF,ENSG00000250337
PVT1,SMAD2,NA,association,TF,ENSG00000249859
PVT1,SMAD3,NA,association,TF,ENSG00000249859
PVT1,SMAD4,NA,association,TF,ENSG00000249859
PVT1,STAT1,histone modification,binding/interaction,TF,ENSG00000249859
PVT1,TWIST1,ceRNA(miR-186),regulation,TF,ENSG00000249859
PVT1,HIF1A,ceRNA(miR-186),regulation,TF,ENSG00000249859
PVT1,MYC,NA,association,TF,ENSG00000249859
PVT1,MYC,NA,association,TF,ENSG00000249859
PVT1,FOXM1,interact with protein,binding/interaction,TF,ENSG00000249859
PVT1,SOX2,NA,association,TF,ENSG00000249859
PVT1,RUNX2,ceRNA(miR-30d-5p),regulation,TF,ENSG00000249859
PVT1,MYC,NA,regulation,TF,ENSG00000249859
PVT1,MYC,NA,regulation,TF,ENSG00000249859
SNHG1,KLF2,histone modification,regulation,TF,ENSG00000255717
SNHG1,HES2,NA,regulation,TF,ENSG00000255717
SNHG1,MYC,NA,association,TF,ENSG00000255717
SNHG1,TCF7,NA,association,TF,ENSG00000255717
SNHG1,SOX9,ceRNA(miR-101-3p),regulation,TF,ENSG00000255717
SNHG1,ZEB1,NA,regulation,TF,ENSG00000255717
SNHG1,TP53,NA,regulation,TF,ENSG00000255717
SNHG12,FOXP1,ceRNA(miR-101-3p),regulation,TF,ENSG00000197989
SNHG16,ZEB1,ceRNA(miR-205),regulation,TF,ENSG00000163597
SNHG16,E2F1,ceRNA(miR-20a-5p),regulation,TF,ENSG00000163597
SNHG16,E2F5,ceRNA(miR-98),regulation,TF,ENSG00000163597
SNHG16,ZEB1,ceRNA(miR-140-5p),regulation,TF,ENSG00000163597
SNHG3,MYC,ceRNA(miR-182-5p),regulation,TF,ENSG00000242125
SNHG5,SOX2,ceRNA(miR-26a),regulation,TF,ENSG00000203875
SNHG5,KLF4,ceRNA(miR-32),regulation,TF,ENSG00000203875
SNHG5,MTA2,epigenetic regulation,binding/interaction,TF,ENSG00000203875
SNHG6,SNAI1,interact with protein,binding/interaction,TF,ENSG00000245910
SNHG6,SNAI2,interact with protein,binding/interaction,TF,ENSG00000245910
SNHG6,E2F7,ceRNA(miR-26a-5p),regulation,TF,ENSG00000245910
SNHG6,ZEB1,ceRNA(miR-101-3p),regulation,TF,ENSG00000245910
TP53TG1,YBX1,interact with protein,binding/interaction,TF,ENSG00000182165
UCA1,ZEB2,ceRNA(miR-203),regulation,TF,ENSG00000214049
UCA1,MYC,ceRNA(miR-135a),regulation,TF,ENSG00000214049
UCA1,ZEB1,ceRNA(miR-204-5p),regulation,TF,ENSG00000214049
UCA1,HMGB1,ceRNA(miR-193a),regulation,TF,ENSG00000214049
UCA1,CREB1,NA,regulation,TF,ENSG00000214049
UCA1,ZEB1,NA,regulation,TF,ENSG00000214049
UCA1,ZEB2,NA,regulation,TF,ENSG00000214049
UCA1,MYC,transcriptional regulation,binding/interaction,TF,ENSG00000214049
UCA1,SOX4,ceRNA(miR-204),regulation,TF,ENSG00000214049
UCA1,HIF1A,ceRNA(miR-18a),regulation,TF,ENSG00000214049
UCA1,TP53,interact with protein;mutation(N340Q/L344R),binding/interaction,TF,ENSG00000214049
UCA1,FOXM1,ceRNA(miR-507),regulation,TF,ENSG00000214049
UCA1,CREB1,ceRNA(miR-204-5p),regulation,TF,ENSG00000214049
UCA1,SNAI1,NA,association,TF,ENSG00000214049
UCA1,STAT3,NA,regulation,TF,ENSG00000214049
XIST,ZEB1,ceRNA(miR-101),regulation,TF,ENSG00000229807
XIST,ZEB2,ceRNA(miR-101),regulation,TF,ENSG00000229807
XIST,SP1,NA,association,TF,ENSG00000229807
XIST,ZEB1,ceRNA(miR-200b-3p),regulation,TF,ENSG00000229807
XIST,KLF2,histone modification,regulation,TF,ENSG00000229807
XIST,AR,ceRNA(miR-124),regulation,TF,ENSG00000229807
XIST,SMAD7,ceRNA(miR-92b),regulation,TF,ENSG00000229807
ZEB1-AS1,ZEB1,ceRNA(miR-409-3p),regulation,TF,ENSG00000237036
ZEB1-AS1,ZEB1,NA,association,TF,ENSG00000237036
ZEB1-AS1,STAT3,NA,regulation,TF,ENSG00000237036
ZEB1-AS1,ZEB1,histone modification,regulation,TF,ENSG00000237036
ZEB1-AS1,ZEB1,NA,association,TF,ENSG00000237036
ZEB1-AS1,ZEB1,NA,regulation,TF,ENSG00000237036
